{
  "obesity": {
    "baseline_accuracy": 0.8014,
    "enriched_accuracy": 0.9712918660287081,
    "improvement": 0.1698918660287081,
    "f1": 0.9688922003083293,
    "precision": 0.9710347293317058,
    "recall": 0.9689586389822666,
    "target_met": false,
    "features_created": 2
  },
  "exercise": {
    "regression": {
      "r2": 0.9977620180654205,
      "mae": 4.302159848914916,
      "rmse": 5.440860497198195,
      "target_met": true
    },
    "features_created": 11,
    "classification": {
      "accuracy": 1.0,
      "f1": 1.0,
      "target_met": true
    }
  }
}