{
  "execution_date": "2026-01-21T15:17:42.531049",
  "target_accuracy": 0.98,
  "datasets_processed": 2,
  "models_meeting_target": 0,
  "average_accuracy": 0.424144823880804,
  "best_accuracy": 0.6080661840744571,
  "results": [
    {
      "dataset": "obesity",
      "best_model": "RandomForest",
      "accuracy": 0.6080661840744571,
      "precision": 0.5209929898606578,
      "recall": 0.6080661840744571,
      "f1_score": 0.5416373178594663,
      "meets_target": false,
      "n_classes": 7,
      "n_features": 15,
      "all_models": {
        "LogisticRegression": 0.5925542916235781,
        "RandomForest": 0.6080661840744571,
        "XGBoost": 0.5966907962771458
      }
    },
    {
      "dataset": "menstrual",
      "best_model": "XGBoost",
      "accuracy": 0.24022346368715083,
      "precision": 0.23367113887736732,
      "recall": 0.24022346368715083,
      "f1_score": 0.23529416333145212,
      "meets_target": false,
      "n_classes": 5,
      "n_features": 11,
      "all_models": {
        "LogisticRegression": 0.22905027932960895,
        "RandomForest": 0.18435754189944134,
        "XGBoost": 0.24022346368715083
      }
    }
  ]
}